<?xml version="1.0" encoding="UTF-8" ?>
<!DOCTYPE mapper
  PUBLIC "-//mybatis.org//DTD Mapper 3.0//EN"
  "http://mybatis.org/dtd/mybatis-3-mapper.dtd">
<mapper namespace="Country">
	<resultMap id="CountryMap"
		type="com.phoenixrs.api.entities.CountryEntity">
		<result property="id" column="id" />
		<result property="name" column="name" />
		<result property="phone_code" column="phone_code" />
		<result property="iso" column="iso" />
		<result property="status" column="status" />
		<result property="is_delete" column="is_delete" />
		<result property="created_date" column="created_date" />
		<result property="created_by" column="created_by" />
		<result property="updated_date" column="updated_by" />
	</resultMap>
	

	

	<select id="getList" resultMap="CountryMap" parameterType="String">
		SELECT
			t.*,
			t.name AS text
		FROM
			country AS t
		WHERE
			t.`status` = 1 AND t.is_delete = 0;
	</select>
	
</mapper>