<?xml version="1.0" encoding="UTF-8" ?>
<!DOCTYPE mapper
  PUBLIC "-//mybatis.org//DTD Mapper 3.0//EN"
  "http://mybatis.org/dtd/mybatis-3-mapper.dtd">
<mapper namespace="DeviceGroup">
	<resultMap id="DeviceGroupMap"
		type="com.phoenixrs.api.entities.DeviceGroupEntity">
		<result property="id" column="id" />
		<result property="group_name" column="group_name" />
		<result property="table_name" column="table_name" />
		<result property="text" column="text" />
		<result property="status" column="status" />
		<result property="is_delete" column="is_delete" />
		<result property="created_date" column="created_date" />
		<result property="created_by" column="created_by" />
		<result property="updated_date" column="updated_by" />
	</resultMap>
	

	

	<select id="getListDropdown" resultMap="DeviceGroupMap" parameterType="String">
		SELECT
			t.*,
			t.group_name AS text
		FROM
			device_group AS t
		WHERE
			t.`status` = 1 AND t.is_delete = 0;
	</select>
	
</mapper>