<?xml version="1.0" encoding="UTF-8" ?>
<!DOCTYPE mapper
  PUBLIC "-//mybatis.org//DTD Mapper 3.0//EN"
  "http://mybatis.org/dtd/mybatis-3-mapper.dtd">
<mapper namespace="Employee">
	<resultMap id="EmployeeAuthMap"
		type="com.phoenixrs.api.entities.UserEntity">
		<result property="user_name" column="user_name" />
		<result property="email" column="email" />
		<result property="password" column="password" />
		<result property="name" column="name" />
		<result property="first_name" column="first_name" />
		<result property="last_name" column="last_name" />
		<result property="id" column="id_user" />
		<result property="logo" column="logo" />
	</resultMap>
	
	
	<resultMap id="EmployeeMap"
		type="com.phoenixrs.api.entities.EmployeeManageEntity">
		<result property="first_name" column="first_name" />
		<result property="last_name" column="last_name" />
		<result property="password" column="password" />
		<result property="address" column="address" />
		<result property="email" column="email" />
		<result property="phone" column="phone" />
		<result property="id" column="id" />
		<result property="skype" column="skype" />
		<result property="status" column="status" />
		<result property="is_delete" column="is_delete" />
		<result property="created_date" column="created_date" />
		<result property="created_by" column="created_by" />
		<result property="updated_date" column="updated_date" />
		<result property="updated_by" column="updated_by" />
		<result property="avatar" column="avatar" />
		<result property="birthday" column="birthday" />
		<result property="order_by" column="order_by" />
		<result property="sort_column" column="sort_column" />
		<result property="limit" column="limit" />
		<result property="offset" column="offset" />
		<result property="keyword" column="keyword" />
		<result property="fullname" column="fullname" />
	</resultMap>
	
	
	<select id="findByAdminLoginId" resultMap="EmployeeAuthMap" parameterType="String">
		SELECT
			u.`id`,
			u.`password`,
			u.`first_name`,
			u.`last_name`,
			u.`id` AS id_user,
			u.`email` AS user_name,
			concat( u.first_name, ', ', u.last_name ) AS `name`,
			u.avatar,
			t.roles,
			k.id_sites
			
		FROM
			`employee` u
			LEFT JOIN (
				SELECT id_enployee, GROUP_CONCAT(er.id_role) AS roles FROM employee_role_map er GROUP BY er.id_enployee
			)t ON t.id_enployee = u.id
			
			LEFT JOIN (
				SELECT 
					si.id_employee, 
					GROUP_CONCAT(si.id_site) AS id_sites 
				FROM site_employee_map si 
				LEFT JOIN employee em ON em.id = si.id_employee  
				WHERE em.email = #{value} GROUP BY em.id
			)k ON k.id_employee = u.id
		WHERE email = #{value} GROUP BY u.id;
	
			
	</select>
	
	<select id="getPermissionByUser" resultType="Map">
		SELECT 
			m.id_screen,
			m.screen_name,
			IF(m.class_icon != '', m.class_icon, '') AS class_icon,
			m.has_child,
			m.`level`,
			m.parent,
			m.path,
			(MAX(m.`view`) + MAX(m.`new`) + MAX(m.`delete`) + MAX(m.`edit`) + MAX(m.`excel`) + MAX(m.`pdf`) + MAX(m.`print`) + MAX(m.`translate`) + MAX(m.`approval`)) AS auths
			
			
			FROM (
				SELECT
					rs.id_role, 
					r.`name` AS role_name,
					rs.id_screen,
					s.screen_name,
					s.class_icon,
					s.has_child,
					s.`level`,
					s.parent,
					s.path,
					CONCAT_WS(', ',e.first_name,e.last_name) AS full_name,
					
					IF(rs.auths >= 1, 1, 0) AS `view`,
					IF(rs.auths >= 2, 2, 0) AS `new`,
					IF(rs.auths >= 4, 4, 0) AS `delete`,
					IF(rs.auths >= 8, 8, 0) AS `edit`,
					IF(rs.auths >= 16, 16, 0) AS `excel`,
					IF(rs.auths >= 32, 32, 0) AS `pdf`,
					IF(rs.auths >= 64, 64, 0) AS `print`,
					IF(rs.auths >= 128, 128, 0) AS `translate`,
					IF(rs.auths >= 256, 256, 0)  AS `approval`
		
				FROM
					role_screen_map rs
					LEFT JOIN screen s ON s.id = rs.id_screen
					LEFT JOIN role r ON r.id = rs.id_role
					LEFT JOIN employee_role_map er ON r.id = er.id_role
					LEFT JOIN employee e ON e.id = er.id_enployee
				WHERE e.id = #{id} AND s.`status` = 1 AND s.is_delete = 0
			)m  GROUP BY m.id_screen ORDER BY m.`level`
	</select>
	
	
	<select id="getList" resultMap="EmployeeMap" parameterType="com.phoenixrs.api.entities.EmployeeManageEntity" >
		SELECT
			e.id,
			e.first_name,
			e.last_name,
			e.phone,
			e.email,
			e.address,
			e.is_delete,
			e.`status`,
			e.avatar,
			e.skype,
			e.avatar,
			DATE_FORMAT(e.birthday, '%m/%d%Y') AS birthday,
			CONCAT_WS(' ',e.first_name,e.last_name) AS fullname,
			t.group_roles,
			t.role_ids
		FROM
			`employee` e	
			LEFT JOIN (
						SELECT id_enployee, GROUP_CONCAT(r.`name` SEPARATOR ', ') AS group_roles, GROUP_CONCAT(r.`id`) AS role_ids 
						FROM employee_role_map er 
						LEFT JOIN role r ON r.id = er.id_role
						GROUP BY er.id_enployee
					)t ON t.id_enployee = e.id
		<if test="keyword != null">
			WHERE ( e.first_name LIKE CONCAT("%",#{keyword}, "%") OR e.last_name LIKE CONCAT("%",#{keyword}, "%") OR e.phone LIKE CONCAT("%",#{keyword}, "%") OR e.email LIKE CONCAT("%",#{keyword}, "%"))
		</if> 	
		    order by
	        <choose>  
	            <when test="sort_column == 'id'">
	                e.id ${order_by}
	            </when>         
	            <when test="sort_column == 'first_name'">
	                e.first_name ${order_by}
	            </when>
	            <when test="sort_column == 'last_name'">
	                e.last_name ${order_by}
	            </when>
	            <when test="sort_column == 'phone'">
	                e.phone ${order_by}
	            </when>
	            <when test="sort_column == 'email'">
	                e.email ${order_by}
	            </when>
	            <when test="sort_column == 'status'">
	                e.`status` ${order_by}
	            </when>
	            <otherwise>
			      e.id DESC
			    </otherwise>                                                  
	        </choose>  
		 	 
		 LIMIT ${limit} OFFSET ${offset};
	</select>
	
	<select id="getListCount"  resultType="int" parameterType="com.phoenixrs.api.entities.EmployeeManageEntity">
    	SELECT count(*) as totalRecord
		FROM employee 
		<if test="keyword != null">
			WHERE ( first_name LIKE CONCAT("%",#{keyword}, "%") OR last_name LIKE CONCAT("%",#{keyword}, "%") OR phone LIKE CONCAT("%",#{keyword}, "%") OR email LIKE CONCAT("%",#{keyword}, "%"))
		</if>
  	</select>
  	
  	<update id="updateStatus">
		UPDATE `employee`
		SET
			`status` = #{status}
		WHERE
			`id` = #{id}
	</update>
	
	<update id="deleteEmployee">
		UPDATE `employee`
		SET
			`is_delete` = #{is_delete}
		WHERE
			`id` = #{id}
	</update>
	
	<select id="getEmployeeByEmail" resultMap="EmployeeMap" parameterType="String">
    	SELECT
    		id, 
    		first_name, 
    		last_name, 
    		phone, 
    		email, 
    		address, 
    		is_delete, 
    		`status`, 
    		avatar
		FROM `employee` u
		WHERE u.email = #{value}
		;
  	</select>
  	
  	<select id="checkEmployeeEmailExist" parameterType="com.phoenixrs.api.entities.EmployeeManageEntity" resultType="int">
    	SELECT
    	COUNT(id) as totalRecord
		FROM `employee` as u
		WHERE u.email = #{email} AND u.id != #{id};
  	</select>
  	<select id="getEmployeeById" resultMap="EmployeeMap" parameterType="int">
    	SELECT
    		id, 
    		first_name, 
    		last_name, 
    		phone,  
    		password,
    		email, 
    		address, 
    		is_delete, 
    		`status`, 
    		avatar
		FROM `employee` u
		WHERE u.id = #{value}
		;
  	</select>
  	
  	<insert id="insertEmployee" useGeneratedKeys="true" keyProperty="id">
		INSERT INTO `employee`(
			first_name,
			last_name,
			phone,
			email,
			address,
			password,
			avatar,
			birthday,
			skype
		)VALUES(
			#{first_name},
			#{last_name},
			#{phone},
			#{email},
			#{address},
			#{password},
			#{avatar},
			#{birthday},
			#{skype}
		);
		<selectKey keyProperty="id" resultType="int">
	        SELECT 
	        LAST_INSERT_ID() as id
        </selectKey>
	</insert>
	
	<insert id="insertEmployeeRoleMap" useGeneratedKeys="true" keyProperty="id">
		INSERT INTO  `employee_role_map`(
			id_enployee,
			id_role
		)VALUES(
			#{id_enployee},
			#{id_role}
		);
		<selectKey keyProperty="id" resultType="int">
	        SELECT 
	        LAST_INSERT_ID() as id
        </selectKey>
	</insert>
	
	<update id="updateEmployee">
		UPDATE `employee`
		SET
			`first_name` = #{first_name},
			`last_name` = #{last_name},
			`phone` = #{phone},
			`email` = #{email},
			`address` = #{address},
			`password` = #{password},
			`avatar` = #{avatar},
			`birthday` = #{birthday},
			`skype` = #{skype}
			
		WHERE
			`id` = #{id}
	</update>
	
	
	<delete id = "deleteEmpyeeRoleMap" parameterType = "int">
		DELETE from `employee_role_map` WHERE `id_enployee` = #{id};
	</delete>
		
  	
  	
</mapper>