<?xml version="1.0" encoding="UTF-8" ?>
<!DOCTYPE mapper
  PUBLIC "-//mybatis.org//DTD Mapper 3.0//EN"
  "http://mybatis.org/dtd/mybatis-3-mapper.dtd">
<mapper namespace="ModelAdvancedEnergySolaron">
	<resultMap id="ModelAdvancedEnergySolaronMap"
		type="com.phoenixrs.api.entities.ModelAdvancedEnergySolaronEntity">
		    <result property="time" column="time" />
			<result property="id_device" column="id_device" />
			<result property="error" column="error" />
			<result property="low_alarm" column="low_alarm" />
			<result property="high_alarm" column="high_alarm" />
			<result property="today_kwh" column="today_kwh" />
			<result property="ytd_kwh_total" column="ytd_kwh_total" />
			<result property="life_kwh_total" column="life_kwh_total" />
			<result property="ytd_kwh" column="ytd_kwh" />
			<result property="life_kwh" column="life_kwh" />
			<result property="last_15min_kwh" column="last_15min_kwh" />
			<result property="timestamp_15minutes" column="timestamp_15minutes" />
			<result property="last_restart" column="last_restart" />
			<result property="uptime" column="uptime" />
			<result property="ac_power" column="ac_power" />
			<result property="ac_frequency" column="ac_frequency" />
			<result property="pv_voltage" column="pv_voltage" />
			<result property="pv_current" column="pv_current" />
			<result property="common_mode" column="common_mode" />
			<result property="ambient_temperature" column="ambient_temperature" />
			<result property="coolant_temperature" column="coolant_temperature" />
			<result property="reactor_temperature" column="reactor_temperature" />
			<result property="cabinet_temperature" column="cabinet_temperature" />
			<result property="bus_voltage" column="bus_voltage" />
			<result property="ground_current" column="ground_current" />
			<result property="reactive_power" column="reactive_power" />
			<result property="active_faults1" column="active_faults1" />
			<result property="active_faults2" column="active_faults2" />
			<result property="active_faults3" column="active_faults3" />
			<result property="status" column="status" />
			<result property="warnings1" column="warnings1" />
			<result property="warnings2_reserved" column="warnings2_reserved" />
			<result property="warnings3_reserved" column="warnings3_reserved" />
			<result property="limits" column="limits" />
			<result property="year" column="year" />
			<result property="month" column="month" />
			<result property="day" column="day" />
			<result property="hour" column="hour" />
			<result property="minutes" column="minutes" />
			<result property="seconds" column="seconds" />
			<result property="current_time" column="current_time" />

	</resultMap>

	<insert id="insertModelAdvancedEnergySolaron" useGeneratedKeys="true"
		keyProperty="time">
		INSERT INTO `model_advanced_energy_solaron`(
		  `time`,
		  `id_device`,
		  `error`,
		  `low_alarm`,
		  `high_alarm`,
		  `today_kwh`,
		  `ytd_kwh_total`,
		  `life_kwh_total`,
		  `ytd_kwh`,
		  `life_kwh`,
		  `last_15min_kwh`,
		  `timestamp_15minutes`,
		  `last_restart`,
		  `uptime`,
		  `ac_power`,
		  `ac_frequency`,
		  `pv_voltage`,
		  `pv_current`,
		  `common_mode`,
		  `ambient_temperature`,
		  `coolant_temperature`,
		  `reactor_temperature`,
		  `cabinet_temperature`,
		  `bus_voltage`,
		  `ground_current`,
		  `reactive_power`,
		  `active_faults1`,
		  `active_faults2`,
		  `active_faults3`,
		  `status`,
		  `warnings1`,
		  `warnings2_reserved`,
		  `warnings3_reserved`,
		  `limits`,
		  `year`,
		  `month`,
		  `day`,
		  `hour`,
		  `minutes`,
		  `seconds`,
		  `current_time`
		)VALUES(
			#{time},
			#{id_device},
			#{error},
			#{low_alarm},
			#{high_alarm},
			#{today_kwh},
			#{ytd_kwh_total},
			#{life_kwh_total},
			#{ytd_kwh},
			#{life_kwh},
			#{last_15min_kwh},
			#{timestamp_15minutes},
			#{last_restart},
			#{uptime},
			#{ac_power},
			#{ac_frequency},
			#{pv_voltage},
			#{pv_current},
			#{common_mode},
			#{ambient_temperature},
			#{coolant_temperature},
			#{reactor_temperature},
			#{cabinet_temperature},
			#{bus_voltage},
			#{ground_current},
			#{reactive_power},
			#{active_faults1},
			#{active_faults2},
			#{active_faults3},
			#{status},
			#{warnings1},
			#{warnings2_reserved},
			#{warnings3_reserved},
			#{limits},
			#{year},
			#{month},
			#{day},
			#{hour},
			#{minutes},
			#{seconds},
			#{current_time}
		);
	</insert>

</mapper> 