<?xml version="1.0" encoding="UTF-8" ?>
<!DOCTYPE mapper
  PUBLIC "-//mybatis.org//DTD Mapper 3.0//EN"
  "http://mybatis.org/dtd/mybatis-3-mapper.dtd">
<mapper namespace="Portfolio">
	<resultMap id="PortfolioMap"
		type="com.phoenixrs.api.entities.SiteEntity">
		<result property="id" column="id" />
		<result property="id_customer" column="id_customer" />
		<result property="id_country" column="id_country" />
		<result property="id_time_zone" column="id_time_zone" />
		<result property="name" column="name" />
		<result property="street" column="street" />
		<result property="lat" column="lat" />
		<result property="lng" column="lng" />
		<result property="built_since" column="built_since" />
		<result property="old_data" column="old_data" />
		<result property="number" column="number" />
		<result property="postal_code" column="postal_code" />
		<result property="city" column="city" />
		<result property="state" column="state" />
		<result property="commissioning" column="commissioning" />
		<result property="emergency_contact" column="emergency_contact" />
		<result property="ac_capacity" column="ac_capacity" />
		<result property="dc_capacity" column="dc_capacity" />
		<result property="status" column="status" />
		<result property="is_delete" column="is_delete" />
		<result property="created_date" column="created_date" />
		<result property="created_by" column="created_by" />
		<result property="updated_date" column="updated_date" />
		<result property="updated_by" column="updated_by" />
		<result property="address_short" column="address_short" />
		<result property="watts_3ph_total" column="watts_3ph_total" />
		<result property="sensor1_data" column="sensor1_data" />
		<result property="w_hours_total" column="w_hours_total" />
		<result property="today_kwh" column="today_kwh" />
		<result property="total_energy_this_month" column="total_energy_this_month" />
		<result property="eer_this_month" column="eer_this_month" />
		<result property="eer_last_month" column="eer_last_month" />
		<result property="w_hours_received" column="w_hours_received" />
		<result property="total_error" column="total_error" />
		<result property="alert_list" column="alert_list" />
		<result property="gallery" column="gallery" />
		<result property="id_site_type" column="id_site_type" />
		<result property="street_ws" column="street_ws" />
		<result property="localization_format" column="localization_format" />
		<result property="format_sql_short" column="format_sql_short" />
		<result property="format_sql_long" column="format_sql_long" />
		<result property="format_sql_string_short" column="format_sql_string_short" />
		<result property="format_sql_string_long" column="format_sql_string_long" />
		<result property="format_sql_string_mdy" column="format_sql_string_mdy" />
		<result property="offset_from" column="offset_from" />
		<result property="current_time" column="current_time" />
		<result property="energy_now" column="energy_now" />
	</resultMap>
	
	
	<select id="getList" resultType="Map" >
		SELECT
			s.id,
			IF(er.total_error,er.total_error, 0) AS total_error,
			s.`name`,
			s.lat,
			s.lng,
			s.street,
			s.number,
			s.postal_code,
			s.city,
			s.state,
			IFNULL(s.ac_capacity, 0) as ac_capacity,
			IFNULL(s.dc_capacity, 0) as dc_capacity,
			s.gallery,
			s.id_site_type
				
		FROM
			site s
			LEFT JOIN (
				SELECT
					s.id AS id_site,
					COUNT( a.id ) AS total_error 
				FROM
					site s
					LEFT JOIN device d ON d.id_site = s.id
					RIGHT JOIN alert a ON a.id_device = d.id 
					AND a.`status` = 1
					LEFT JOIN error er ON a.id_error = er.id 
				GROUP BY s.id 
			) er ON er.id_site = s.id
		<if test="name != null">
			WHERE s.name LIKE CONCAT("%",#{name}, "%")
		</if>	
		order by
	        <choose>  
	            <when test="sort_column == 'name'">
	                s.name ${order_by}
	            </when>         
	            <when test="sort_column == 'dc_capacity'">
	                s.dc_capacity ${order_by}
	            </when>
	            
	            <otherwise>
			      s.id DESC
			    </otherwise>                                                  
	        </choose>  
	</select>
	
	
	
	<select id="getSiteEnergyNow" resultType="Map" parameterType="com.phoenixrs.api.entities.PortfolioEntity" >
		<if test="id_site_type == 1">
			SELECT
				d.id_site,
				sh.id_device,
				sh.w_hours_received AS energy_now
			FROM
				site s
				LEFT JOIN time_zone t ON t.id = s.id_time_zone
				LEFT JOIN device d ON d.id_site = s.id
				LEFT JOIN model_shark100 AS sh ON sh.id_device = d.id 
			WHERE
				CONVERT_TZ( sh.time, t.`offset`, #{offset_timezone} ) <![CDATA[<=]]> #{current_time} 
				AND s.id = #{id} 
			ORDER BY
				sh.w_hours_received DESC 
				LIMIT 2;
		</if>
		
		<if test="id_site_type == 2">
			SELECT
				d.id_site,
				sh.id_device,
				sh.total_kwh_delivered AS energy_now
			FROM
				site s
				LEFT JOIN time_zone t ON t.id = s.id_time_zone
				LEFT JOIN device d ON d.id_site = s.id
				LEFT JOIN model_pvp_inverter AS sh ON sh.id_device = d.id 
			WHERE
				CONVERT_TZ( sh.time, t.`offset`, #{offset_timezone} ) <![CDATA[<=]]> #{current_time} 
				AND s.id = #{id} 
			ORDER BY
				sh.total_kwh_delivered DESC 
				LIMIT 2;
		</if>
		
		<if test="id_site_type == 3">
			SELECT
				d.id_site,
				sh.id_device,
				sh.ytd_kwh_total AS energy_now
			FROM
				site s
				LEFT JOIN time_zone t ON t.id = s.id_time_zone
				LEFT JOIN device d ON d.id_site = s.id
				LEFT JOIN model_advanced_energy_solaron AS sh ON sh.id_device = d.id 
			WHERE
				CONVERT_TZ( sh.time, t.`offset`, #{offset_timezone} ) <![CDATA[<=]]> #{current_time} 
				AND s.id = #{id} 
			ORDER BY
				sh.ytd_kwh_total DESC 
				LIMIT 2;
		</if>
	</select>
	
	
	<select id="getSiteIrradianceNow" resultType="Map" parameterType="com.phoenixrs.api.entities.PortfolioEntity" >
		<if test="id_site_type == 1">
			SELECT
				d.id_site,
				sh.id_device,
				IFNULL(sh.sensor1_data, 0) AS irradiance_now
			FROM
				site s
				LEFT JOIN time_zone t ON t.id = s.id_time_zone
				LEFT JOIN device d ON d.id_site = s.id
				LEFT JOIN model_rt1_class30000 AS sh ON sh.id_device = d.id 
			WHERE
				CONVERT_TZ( sh.time, t.`offset`, #{offset_timezone} ) <![CDATA[<=]]> #{current_time} 
				AND s.id = #{id} 
			ORDER BY
				sh.time DESC 
				LIMIT 1;
		</if>
		
		<if test="id_site_type == 2">
			SELECT
				d.id_site,
				sh.id_device,
				IFNULL(sh.sensor1_data, 0) AS irradiance_now
			FROM
				site s
				LEFT JOIN time_zone t ON t.id = s.id_time_zone
				LEFT JOIN device d ON d.id_site = s.id
				LEFT JOIN model_rt1_class30000 AS sh ON sh.id_device = d.id 
			WHERE
				CONVERT_TZ( sh.time, t.`offset`, #{offset_timezone} ) <![CDATA[<=]]> #{current_time} 
				AND s.id = #{id} 
			ORDER BY
				sh.time DESC 
				LIMIT 1;
		</if>
		
		<if test="id_site_type == 3">
			SELECT
				d.id_site,
				sh.id_device,
				IFNULL(sh.irradiance, 0) AS irradiance_now
			FROM
				site s
				LEFT JOIN time_zone t ON t.id = s.id_time_zone
				LEFT JOIN device d ON d.id_site = s.id
				LEFT JOIN model_imtsolar_class8000 AS sh ON sh.id_device = d.id 
			WHERE
				CONVERT_TZ( sh.time, t.`offset`, #{offset_timezone} ) <![CDATA[<=]]> #{current_time} 
				AND s.id = #{id} 
			ORDER BY
				sh.time DESC 
				LIMIT 1;
		</if>
		
	</select>
	
	
	<select id="getListAlertBySite" resultType="Map" parameterType="com.phoenixrs.api.entities.PortfolioEntity" >
		SELECT
			a.id,
			a.start_date,
			a.end_date,
			a.`status`,
			e.error_code,
			e.message,
			d.devicename,
			d.serial_number,
			e.id_error_level,
			el.`name` AS level_name,
			el.`class_name`,
			el.icon_alert 
		FROM
			alert a
			LEFT JOIN error e ON e.id = a.id_error
			LEFT JOIN error_level el ON el.id = e.id_error_level
			LEFT JOIN device d ON d.id = a.id_device 
		WHERE
			d.id_site = #{id}
			AND a.`status` = 1 
			AND a.is_delete = 0 
		ORDER BY
			el.`level` ASC LIMIT 8;
	</select>
	
	
</mapper>